{
  "metrics": {
    "minADE@3": 0.34719374775886536,
    "minFDE@3": 0.5260610580444336,
    "miss_rate@2m": 0.06778169014084508,
    "ADE_std": 0.42382460832595825,
    "FDE_std": 0.8233826160430908
  },
  "num_samples": 3394
}